CNMC,CPSE,Legacy_Material_Code,Domain,Category,Standardized_National_Description,Original_Description,Mapping_Status
CNMC-EE-RES-000387,BHEL,DV0692411534,ELECTRICAL_AND_ELECTRONICS,RESISTOR,"RESISTOR, METAL FILM, 100K, 0.25W, PKG 1206",Res MF SMD 100K 0.25W 1% 1206 | RES MF SMD 100K 1% 0.25W 50PPM 1206,CROSS_CPSE_AUTO_MAPPED
CNMC-EE-RES-000281,IOCL,IOCL-RES-10482,ELECTRICAL_AND_ELECTRONICS,RESISTOR,"RESISTOR, 100K, 0.25W, PKG 1206",RESISTOR METAL FILM 100K 1/4W 1% SMD 1206 OEM:YAGEO,CROSS_CPSE_AUTO_MAPPED
CNMC-EE-RES-000281,ONGC,ONGC-E-883912,ELECTRICAL_AND_ELECTRONICS,RESISTOR,"RESISTOR, 100K, 0.25W, PKG 1206",RES SMD 100KOHM 0.25 WATT 1% PKG 1206 ROHS,CROSS_CPSE_AUTO_MAPPED
CNMC-EE-RES-000387,NTPC,NTPC-INST-5510,ELECTRICAL_AND_ELECTRONICS,RESISTOR,"RESISTOR, METAL FILM, 100K, 0.25W, PKG 1206",RESISTOR MF 100K 0.25W 1% SMD 1206 (SPARE),CROSS_CPSE_AUTO_MAPPED
CNMC-EE-CONN-000001,BHEL,CN9068352105,ELECTRICAL_AND_ELECTRONICS,CONNECTOR,"CONNECTOR, EURO CONNECTOR, 32P, PKG STRAIGHT, MALE",CNCTR EURO MALE 32 POLE STRT | SLDR/FASTON | CNCTR MALE 32 POLE | TYPE :0906.032.2905,CROSS_CPSE_AUTO_MAPPED
CNMC-EE-CONN-000001,NTPC,NTPC-ELEC-4821,ELECTRICAL_AND_ELECTRONICS,CONNECTOR,"CONNECTOR, EURO CONNECTOR, 32P, PKG STRAIGHT, MALE",32-PIN MALE EURO CONNECTOR STRAIGHT FASTON SOLDER,CROSS_CPSE_AUTO_MAPPED
CNMC-EE-CONN-000001,GAIL,GAIL-C-229014,ELECTRICAL_AND_ELECTRONICS,CONNECTOR,"CONNECTOR, EURO CONNECTOR, 32P, PKG STRAIGHT, MALE",EURO CONNECTOR MALE 32 POLE STRT TYPE 0906,CROSS_CPSE_AUTO_MAPPED
CNMC-EE-FUSE-000001,BHEL,CN9073130018,ELECTRICAL_AND_ELECTRONICS,FUSE,"FUSE, HRC FUSE, 50A, 800V",FUSE HRC 50A 800V821 CP URD 36.55 QSP | FUSE HRC 50A 800V,CROSS_CPSE_AUTO_MAPPED
CNMC-EE-FUSE-000001,IOCL,IOCL-FUSE-994,ELECTRICAL_AND_ELECTRONICS,FUSE,"FUSE, HRC FUSE, 50A, 800V",HRC FUSE 50A 800V BOLTED TYPE CP URD,CROSS_CPSE_AUTO_MAPPED
CNMC-EE-FUSE-000001,ONGC,ONGC-P-44109,ELECTRICAL_AND_ELECTRONICS,FUSE,"FUSE, HRC FUSE, 50A, 800V",50A 800V HRC FUSE LINK 36.55 QSP,CROSS_CPSE_AUTO_MAPPED
CNMC-EE-REL-000005,BHEL,CN9076364044,ELECTRICAL_AND_ELECTRONICS,RELAY,"RELAY, COIL_24VDC, CONTACT_8A",RELAY 24VDC I C/0V | RATED SWITCHING VOLTAGE: 240VAC | CONTACT RATING: 8A,CROSS_CPSE_AUTO_MAPPED
CNMC-EE-REL-000016,NTPC,NTPC-REL-3108,ELECTRICAL_AND_ELECTRONICS,RELAY,"RELAY, 1CO, COIL_24VDC, CONTACT_8A",RELAY 1CO 8A COIL 24VDC 240VAC CONTACT,CROSS_CPSE_AUTO_MAPPED
CNMC-MP-PIPE-000004,IOCL,IOCL-PIP-5501,MECHANICAL_AND_PIPING,PIPE,"PIPE, 50NB, SCH40, CS",PIPE SEAMLESS CS 50NB SCH 40 ASTM A106 GR B,CROSS_CPSE_AUTO_MAPPED
CNMC-MP-PIPE-000005,ONGC,ONGC-DR-8812,MECHANICAL_AND_PIPING,PIPE,"PIPE, 50NB, SCH40",CARBON STEEL SEAMLESS PIPE 50NB SCH40 A106,CROSS_CPSE_AUTO_MAPPED
CNMC-MP-PIPE-000004,GAIL,GAIL-PIP-1029,MECHANICAL_AND_PIPING,PIPE,"PIPE, 50NB, SCH40, CS",CS PIPE 50NB SCH 40 ASTM A106,CROSS_CPSE_AUTO_MAPPED
